{
    "scene-0001": {
        "start_frame": 15,
        "end_frame": 22
    },
    "scene-0002": {
        "start_frame": -1,
        "end_frame": -1
    },
    "scene-0003": {
        "start_frame": 1,
        "end_frame": 15
    },
    "scene-0004": {
        "start_frame": 1,
        "end_frame": 9
    },
    "scene-0005": {
        "start_frame": 36,
        "end_frame": 39
    },
    "scene-0006": {
        "start_frame": 15,
        "end_frame": 19
    },
    "scene-0007": {
        "start_frame": -1,
        "end_frame": -1
    },
    "scene-0008": {
        "start_frame": -1,
        "end_frame": -1
    },
    "scene-0009": {
        "start_frame": -1,
        "end_frame": -1
    },
    "scene-0010": {
        "start_frame": -1,
        "end_frame": -1
    },
    "scene-0011": {
        "start_frame": -1,
        "end_frame": -1
    },
    "scene-0012": {
        "start_frame": -1,
        "end_frame": -1
    },
    "scene-0013": {
        "start_frame": -1,
        "end_frame": -1
    },
    "scene-0014": {
        "start_frame": 1,
        "end_frame": 19
    },
    "scene-0015": {
        "start_frame": -1,
        "end_frame": -1
    },
    "scene-0016": {
        "start_frame": 34,
        "end_frame": 39
    },
    "scene-0017": {
        "start_frame": 32,
        "end_frame": 40
    },
    "scene-0018": {
        "start_frame": -1,
        "end_frame": -1
    },
    "scene-0019": {
        "start_frame": 26,
        "end_frame": 31
    },
    "scene-0020": {
        "start_frame": -1,
        "end_frame": -1
    },
    "scene-0021": {
        "start_frame": -1,
        "end_frame": -1
    },
    "scene-0022": {
        "start_frame": -1,
        "end_frame": -1
    },
    "scene-0023": {
        "start_frame": -1,
        "end_frame": -1
    },
    "scene-0024": {
        "start_frame": -1,
        "end_frame": -1
    },
    "scene-0025": {
        "start_frame": 9,
        "end_frame": 18
    },
    "scene-0026": {
        "start_frame": 33,
        "end_frame": 39
    },
    "scene-0027": {
        "start_frame": 1,
        "end_frame": 5
    },
    "scene-0028": {
        "start_frame": 5,
        "end_frame": 10
    },
    "scene-0029": {
        "start_frame": 1,
        "end_frame": 11
    },
    "scene-0030": {
        "start_frame": -1,
        "end_frame": -1
    },
    "scene-0031": {
        "start_frame": -1,
        "end_frame": -1
    },
    "scene-0032": {
        "start_frame": -1,
        "end_frame": -1
    },
    "scene-0033": {
        "start_frame": -1,
        "end_frame": -1
    },
    "scene-0034": {
        "start_frame": 26,
        "end_frame": 30
    },
    "scene-0035": {
        "start_frame": -1,
        "end_frame": -1
    },
    "scene-0036": {
        "start_frame": -1,
        "end_frame": -1
    },
    "scene-0038": {
        "start_frame": -1,
        "end_frame": -1
    },
    "scene-0039": {
        "start_frame": -1,
        "end_frame": -1
    },
    "scene-0041": {
        "start_frame": 29,
        "end_frame": 40
    },
    "scene-0042": {
        "start_frame": -1,
        "end_frame": -1
    },
    "scene-0043": {
        "start_frame": 22,
        "end_frame": 29
    },
    "scene-0044": {
        "start_frame": 11,
        "end_frame": 14
    },
    "scene-0045": {
        "start_frame": -1,
        "end_frame": -1
    },
    "scene-0046": {
        "start_frame": -1,
        "end_frame": -1
    },
    "scene-0047": {
        "start_frame": -1,
        "end_frame": -1
    },
    "scene-0048": {
        "start_frame": -1,
        "end_frame": -1
    },
    "scene-0049": {
        "start_frame": -1,
        "end_frame": -1
    },
    "scene-0050": {
        "start_frame": -1,
        "end_frame": -1
    },
    "scene-0051": {
        "start_frame": -1,
        "end_frame": -1
    },
    "scene-0052": {
        "start_frame": 2,
        "end_frame": 7
    },
    "scene-0053": {
        "start_frame": -1,
        "end_frame": -1
    },
    "scene-0054": {
        "start_frame": -1,
        "end_frame": -1
    },
    "scene-0055": {
        "start_frame": -1,
        "end_frame": -1
    },
    "scene-0056": {
        "start_frame": -1,
        "end_frame": -1
    },
    "scene-0057": {
        "start_frame": -1,
        "end_frame": -1
    },
    "scene-0058": {
        "start_frame": -1,
        "end_frame": -1
    },
    "scene-0059": {
        "start_frame": 1,
        "end_frame": 41
    },
    "scene-0060": {
        "start_frame": 1,
        "end_frame": 40
    },
    "scene-0061": {
        "start_frame": 22,
        "end_frame": 39
    },
    "scene-0062": {
        "start_frame": -1,
        "end_frame": -1
    },
    "scene-0063": {
        "start_frame": -1,
        "end_frame": -1
    },
    "scene-0064": {
        "start_frame": -1,
        "end_frame": -1
    },
    "scene-0065": {
        "start_frame": -1,
        "end_frame": -1
    },
    "scene-0066": {
        "start_frame": 22,
        "end_frame": 39
    },
    "scene-0067": {
        "start_frame": 26,
        "end_frame": 31
    },
    "scene-0068": {
        "start_frame": -1,
        "end_frame": -1
    },
    "scene-0069": {
        "start_frame": -1,
        "end_frame": -1
    },
    "scene-0070": {
        "start_frame": -1,
        "end_frame": -1
    },
    "scene-0071": {
        "start_frame": -1,
        "end_frame": -1
    },
    "scene-0072": {
        "start_frame": 29,
        "end_frame": 31
    },
    "scene-0073": {
        "start_frame": -1,
        "end_frame": -1
    },
    "scene-0074": {
        "start_frame": 10,
        "end_frame": 12
    },
    "scene-0075": {
        "start_frame": -1,
        "end_frame": -1
    },
    "scene-0076": {
        "start_frame": -1,
        "end_frame": -1
    },
    "scene-0092": {
        "start_frame": -1,
        "end_frame": -1
    },
    "scene-0093": {
        "start_frame": -1,
        "end_frame": -1
    },
    "scene-0094": {
        "start_frame": 34,
        "end_frame": 40
    },
    "scene-0095": {
        "start_frame": 1,
        "end_frame": 39
    },
    "scene-0096": {
        "start_frame": -1,
        "end_frame": -1
    },
    "scene-0097": {
        "start_frame": 1,
        "end_frame": 18
    },
    "scene-0098": {
        "start_frame": -1,
        "end_frame": -1
    },
    "scene-0099": {
        "start_frame": 12,
        "end_frame": 15
    },
    "scene-0100": {
        "start_frame": 1,
        "end_frame": 40
    },
    "scene-0101": {
        "start_frame": 1,
        "end_frame": 14
    },
    "scene-0102": {
        "start_frame": -1,
        "end_frame": -1
    },
    "scene-0103": {
        "start_frame": 17,
        "end_frame": 22
    },
    "scene-0104": {
        "start_frame": 1,
        "end_frame": 6
    },
    "scene-0105": {
        "start_frame": -1,
        "end_frame": -1
    },
    "scene-0106": {
        "start_frame": -1,
        "end_frame": -1
    },
    "scene-0107": {
        "start_frame": 26,
        "end_frame": 40
    },
    "scene-0108": {
        "start_frame": 19,
        "end_frame": 22
    },
    "scene-0109": {
        "start_frame": -1,
        "end_frame": -1
    },
    "scene-0110": {
        "start_frame": -1,
        "end_frame": -1
    },
    "scene-0120": {
        "start_frame": -1,
        "end_frame": -1
    },
    "scene-0121": {
        "start_frame": -1,
        "end_frame": -1
    },
    "scene-0122": {
        "start_frame": -1,
        "end_frame": -1
    },
    "scene-0123": {
        "start_frame": -1,
        "end_frame": -1
    },
    "scene-0124": {
        "start_frame": -1,
        "end_frame": -1
    },
    "scene-0125": {
        "start_frame": -1,
        "end_frame": -1
    },
    "scene-0126": {
        "start_frame": 7,
        "end_frame": 9
    },
    "scene-0127": {
        "start_frame": 8,
        "end_frame": 17
    },
    "scene-0128": {
        "start_frame": -1,
        "end_frame": -1
    },
    "scene-0129": {
        "start_frame": -1,
        "end_frame": -1
    },
    "scene-0130": {
        "start_frame": 6,
        "end_frame": 14
    },
    "scene-0131": {
        "start_frame": 5,
        "end_frame": 9
    },
    "scene-0132": {
        "start_frame": 35,
        "end_frame": 40
    },
    "scene-0133": {
        "start_frame": 1,
        "end_frame": 7
    },
    "scene-0134": {
        "start_frame": 7,
        "end_frame": 14
    },
    "scene-0135": {
        "start_frame": -1,
        "end_frame": -1
    },
    "scene-0138": {
        "start_frame": -1,
        "end_frame": -1
    },
    "scene-0139": {
        "start_frame": -1,
        "end_frame": -1
    },
    "scene-0149": {
        "start_frame": -1,
        "end_frame": -1
    },
    "scene-0150": {
        "start_frame": -1,
        "end_frame": -1
    },
    "scene-0151": {
        "start_frame": -1,
        "end_frame": -1
    },
    "scene-0152": {
        "start_frame": 17,
        "end_frame": 22
    },
    "scene-0154": {
        "start_frame": 28,
        "end_frame": 35
    },
    "scene-0155": {
        "start_frame": 29,
        "end_frame": 31
    },
    "scene-0157": {
        "start_frame": 14,
        "end_frame": 15
    },
    "scene-0158": {
        "start_frame": 1,
        "end_frame": 13
    },
    "scene-0159": {
        "start_frame": 1,
        "end_frame": 16
    },
    "scene-0160": {
        "start_frame": 20,
        "end_frame": 30
    },
    "scene-0161": {
        "start_frame": 10,
        "end_frame": 17
    },
    "scene-0162": {
        "start_frame": -1,
        "end_frame": -1
    },
    "scene-0163": {
        "start_frame": -1,
        "end_frame": -1
    },
    "scene-0164": {
        "start_frame": -1,
        "end_frame": -1
    },
    "scene-0165": {
        "start_frame": -1,
        "end_frame": -1
    },
    "scene-0166": {
        "start_frame": -1,
        "end_frame": -1
    },
    "scene-0167": {
        "start_frame": -1,
        "end_frame": -1
    },
    "scene-0168": {
        "start_frame": -1,
        "end_frame": -1
    },
    "scene-0170": {
        "start_frame": -1,
        "end_frame": -1
    },
    "scene-0171": {
        "start_frame": -1,
        "end_frame": -1
    },
    "scene-0172": {
        "start_frame": 11,
        "end_frame": 23
    },
    "scene-0173": {
        "start_frame": -1,
        "end_frame": -1
    },
    "scene-0174": {
        "start_frame": -1,
        "end_frame": -1
    },
    "scene-0175": {
        "start_frame": -1,
        "end_frame": -1
    },
    "scene-0176": {
        "start_frame": 25,
        "end_frame": 33
    },
    "scene-0177": {
        "start_frame": -1,
        "end_frame": -1
    },
    "scene-0178": {
        "start_frame": -1,
        "end_frame": -1
    },
    "scene-0179": {
        "start_frame": -1,
        "end_frame": -1
    },
    "scene-0180": {
        "start_frame": -1,
        "end_frame": -1
    },
    "scene-0181": {
        "start_frame": -1,
        "end_frame": -1
    },
    "scene-0182": {
        "start_frame": -1,
        "end_frame": -1
    },
    "scene-0183": {
        "start_frame": -1,
        "end_frame": -1
    },
    "scene-0184": {
        "start_frame": -1,
        "end_frame": -1
    },
    "scene-0185": {
        "start_frame": 19,
        "end_frame": 27
    },
    "scene-0187": {
        "start_frame": -1,
        "end_frame": -1
    },
    "scene-0188": {
        "start_frame": -1,
        "end_frame": -1
    },
    "scene-0190": {
        "start_frame": 12,
        "end_frame": 40
    },
    "scene-0191": {
        "start_frame": 7,
        "end_frame": 11
    },
    "scene-0192": {
        "start_frame": 4,
        "end_frame": 28
    },
    "scene-0193": {
        "start_frame": -1,
        "end_frame": -1
    },
    "scene-0194": {
        "start_frame": 21,
        "end_frame": 37
    },
    "scene-0195": {
        "start_frame": -1,
        "end_frame": -1
    },
    "scene-0196": {
        "start_frame": -1,
        "end_frame": -1
    },
    "scene-0199": {
        "start_frame": -1,
        "end_frame": -1
    },
    "scene-0200": {
        "start_frame": 22,
        "end_frame": 31
    },
    "scene-0202": {
        "start_frame": -1,
        "end_frame": -1
    },
    "scene-0203": {
        "start_frame": 18,
        "end_frame": 22
    },
    "scene-0204": {
        "start_frame": -1,
        "end_frame": -1
    },
    "scene-0206": {
        "start_frame": -1,
        "end_frame": -1
    },
    "scene-0207": {
        "start_frame": 17,
        "end_frame": 35
    },
    "scene-0208": {
        "start_frame": 3,
        "end_frame": 24
    },
    "scene-0209": {
        "start_frame": -1,
        "end_frame": -1
    },
    "scene-0210": {
        "start_frame": -1,
        "end_frame": -1
    },
    "scene-0211": {
        "start_frame": -1,
        "end_frame": -1
    },
    "scene-0212": {
        "start_frame": 9,
        "end_frame": 14
    },
    "scene-0213": {
        "start_frame": 1,
        "end_frame": 6
    },
    "scene-0214": {
        "start_frame": -1,
        "end_frame": -1
    },
    "scene-0218": {
        "start_frame": 1,
        "end_frame": 32
    },
    "scene-0219": {
        "start_frame": 2,
        "end_frame": 39
    },
    "scene-0220": {
        "start_frame": 30,
        "end_frame": 34
    },
    "scene-0221": {
        "start_frame": 7,
        "end_frame": 13
    },
    "scene-0222": {
        "start_frame": -1,
        "end_frame": -1
    },
    "scene-0224": {
        "start_frame": 5,
        "end_frame": 20
    },
    "scene-0225": {
        "start_frame": -1,
        "end_frame": -1
    },
    "scene-0226": {
        "start_frame": -1,
        "end_frame": -1
    },
    "scene-0227": {
        "start_frame": -1,
        "end_frame": -1
    },
    "scene-0228": {
        "start_frame": -1,
        "end_frame": -1
    },
    "scene-0229": {
        "start_frame": -1,
        "end_frame": -1
    },
    "scene-0230": {
        "start_frame": -1,
        "end_frame": -1
    },
    "scene-0231": {
        "start_frame": 17,
        "end_frame": 40
    },
    "scene-0232": {
        "start_frame": -1,
        "end_frame": -1
    },
    "scene-0233": {
        "start_frame": 3,
        "end_frame": 13
    },
    "scene-0234": {
        "start_frame": -1,
        "end_frame": -1
    },
    "scene-0235": {
        "start_frame": 17,
        "end_frame": 39
    },
    "scene-0236": {
        "start_frame": 1,
        "end_frame": 13
    },
    "scene-0237": {
        "start_frame": 36,
        "end_frame": 39
    },
    "scene-0238": {
        "start_frame": 1,
        "end_frame": 34
    },
    "scene-0239": {
        "start_frame": 1,
        "end_frame": 40
    },
    "scene-0240": {
        "start_frame": 1,
        "end_frame": 10
    },
    "scene-0241": {
        "start_frame": -1,
        "end_frame": -1
    },
    "scene-0242": {
        "start_frame": -1,
        "end_frame": -1
    },
    "scene-0243": {
        "start_frame": 14,
        "end_frame": 40
    },
    "scene-0244": {
        "start_frame": 14,
        "end_frame": 40
    },
    "scene-0245": {
        "start_frame": -1,
        "end_frame": -1
    },
    "scene-0246": {
        "start_frame": 22,
        "end_frame": 26
    },
    "scene-0247": {
        "start_frame": -1,
        "end_frame": -1
    },
    "scene-0248": {
        "start_frame": -1,
        "end_frame": -1
    },
    "scene-0249": {
        "start_frame": 3,
        "end_frame": 6
    },
    "scene-0250": {
        "start_frame": 1,
        "end_frame": 6
    },
    "scene-0251": {
        "start_frame": 16,
        "end_frame": 34
    },
    "scene-0252": {
        "start_frame": 15,
        "end_frame": 40
    },
    "scene-0253": {
        "start_frame": 15,
        "end_frame": 33
    },
    "scene-0254": {
        "start_frame": -1,
        "end_frame": -1
    },
    "scene-0255": {
        "start_frame": 14,
        "end_frame": 25
    },
    "scene-0256": {
        "start_frame": 14,
        "end_frame": 39
    },
    "scene-0257": {
        "start_frame": 1,
        "end_frame": 40
    },
    "scene-0258": {
        "start_frame": -1,
        "end_frame": -1
    },
    "scene-0259": {
        "start_frame": 3,
        "end_frame": 13
    },
    "scene-0260": {
        "start_frame": 2,
        "end_frame": 28
    },
    "scene-0261": {
        "start_frame": -1,
        "end_frame": -1
    },
    "scene-0262": {
        "start_frame": 3,
        "end_frame": 12
    },
    "scene-0263": {
        "start_frame": -1,
        "end_frame": -1
    },
    "scene-0264": {
        "start_frame": -1,
        "end_frame": -1
    },
    "scene-0268": {
        "start_frame": 25,
        "end_frame": 39
    },
    "scene-0269": {
        "start_frame": -1,
        "end_frame": -1
    },
    "scene-0270": {
        "start_frame": 29,
        "end_frame": 30
    },
    "scene-0271": {
        "start_frame": 1,
        "end_frame": 7
    },
    "scene-0272": {
        "start_frame": 4,
        "end_frame": 7
    },
    "scene-0273": {
        "start_frame": 7,
        "end_frame": 13
    },
    "scene-0274": {
        "start_frame": -1,
        "end_frame": -1
    },
    "scene-0275": {
        "start_frame": -1,
        "end_frame": -1
    },
    "scene-0276": {
        "start_frame": -1,
        "end_frame": -1
    },
    "scene-0277": {
        "start_frame": -1,
        "end_frame": -1
    },
    "scene-0278": {
        "start_frame": -1,
        "end_frame": -1
    },
    "scene-0283": {
        "start_frame": 33,
        "end_frame": 40
    },
    "scene-0284": {
        "start_frame": -1,
        "end_frame": -1
    },
    "scene-0285": {
        "start_frame": -1,
        "end_frame": -1
    },
    "scene-0286": {
        "start_frame": -1,
        "end_frame": -1
    },
    "scene-0287": {
        "start_frame": -1,
        "end_frame": -1
    },
    "scene-0288": {
        "start_frame": -1,
        "end_frame": -1
    },
    "scene-0289": {
        "start_frame": 36,
        "end_frame": 40
    },
    "scene-0290": {
        "start_frame": 1,
        "end_frame": 5
    },
    "scene-0291": {
        "start_frame": -1,
        "end_frame": -1
    },
    "scene-0292": {
        "start_frame": 10,
        "end_frame": 14
    },
    "scene-0293": {
        "start_frame": 15,
        "end_frame": 18
    },
    "scene-0294": {
        "start_frame": -1,
        "end_frame": -1
    },
    "scene-0295": {
        "start_frame": -1,
        "end_frame": -1
    },
    "scene-0296": {
        "start_frame": -1,
        "end_frame": -1
    },
    "scene-0297": {
        "start_frame": 8,
        "end_frame": 20
    },
    "scene-0298": {
        "start_frame": -1,
        "end_frame": -1
    },
    "scene-0299": {
        "start_frame": -1,
        "end_frame": -1
    },
    "scene-0300": {
        "start_frame": -1,
        "end_frame": -1
    },
    "scene-0301": {
        "start_frame": 20,
        "end_frame": 26
    },
    "scene-0302": {
        "start_frame": -1,
        "end_frame": -1
    },
    "scene-0303": {
        "start_frame": 6,
        "end_frame": 40
    },
    "scene-0304": {
        "start_frame": 1,
        "end_frame": 8
    },
    "scene-0305": {
        "start_frame": -1,
        "end_frame": -1
    },
    "scene-0306": {
        "start_frame": -1,
        "end_frame": -1
    },
    "scene-0315": {
        "start_frame": -1,
        "end_frame": -1
    },
    "scene-0316": {
        "start_frame": -1,
        "end_frame": -1
    },
    "scene-0317": {
        "start_frame": 35,
        "end_frame": 39
    },
    "scene-0318": {
        "start_frame": 12,
        "end_frame": 18
    },
    "scene-0321": {
        "start_frame": -1,
        "end_frame": -1
    },
    "scene-0323": {
        "start_frame": 1,
        "end_frame": 40
    },
    "scene-0324": {
        "start_frame": 22,
        "end_frame": 30
    },
    "scene-0328": {
        "start_frame": -1,
        "end_frame": -1
    },
    "scene-0329": {
        "start_frame": 3,
        "end_frame": 16
    },
    "scene-0330": {
        "start_frame": -1,
        "end_frame": -1
    },
    "scene-0331": {
        "start_frame": 1,
        "end_frame": 11
    },
    "scene-0332": {
        "start_frame": 1,
        "end_frame": 9
    },
    "scene-0344": {
        "start_frame": 38,
        "end_frame": 40
    },
    "scene-0345": {
        "start_frame": -1,
        "end_frame": -1
    },
    "scene-0346": {
        "start_frame": -1,
        "end_frame": -1
    },
    "scene-0347": {
        "start_frame": -1,
        "end_frame": -1
    },
    "scene-0348": {
        "start_frame": -1,
        "end_frame": -1
    },
    "scene-0349": {
        "start_frame": 3,
        "end_frame": 14
    },
    "scene-0350": {
        "start_frame": -1,
        "end_frame": -1
    },
    "scene-0351": {
        "start_frame": -1,
        "end_frame": -1
    },
    "scene-0352": {
        "start_frame": -1,
        "end_frame": -1
    },
    "scene-0353": {
        "start_frame": -1,
        "end_frame": -1
    },
    "scene-0354": {
        "start_frame": -1,
        "end_frame": -1
    },
    "scene-0355": {
        "start_frame": 17,
        "end_frame": 23
    },
    "scene-0356": {
        "start_frame": 22,
        "end_frame": 35
    },
    "scene-0357": {
        "start_frame": -1,
        "end_frame": -1
    },
    "scene-0358": {
        "start_frame": -1,
        "end_frame": -1
    },
    "scene-0359": {
        "start_frame": -1,
        "end_frame": -1
    },
    "scene-0360": {
        "start_frame": -1,
        "end_frame": -1
    },
    "scene-0361": {
        "start_frame": -1,
        "end_frame": -1
    },
    "scene-0362": {
        "start_frame": -1,
        "end_frame": -1
    },
    "scene-0363": {
        "start_frame": -1,
        "end_frame": -1
    },
    "scene-0364": {
        "start_frame": -1,
        "end_frame": -1
    },
    "scene-0365": {
        "start_frame": 16,
        "end_frame": 21
    },
    "scene-0366": {
        "start_frame": 1,
        "end_frame": 17
    },
    "scene-0367": {
        "start_frame": -1,
        "end_frame": -1
    },
    "scene-0368": {
        "start_frame": 30,
        "end_frame": 34
    },
    "scene-0369": {
        "start_frame": -1,
        "end_frame": -1
    },
    "scene-0370": {
        "start_frame": -1,
        "end_frame": -1
    },
    "scene-0371": {
        "start_frame": 37,
        "end_frame": 39
    },
    "scene-0372": {
        "start_frame": 38,
        "end_frame": 40
    },
    "scene-0373": {
        "start_frame": 14,
        "end_frame": 40
    },
    "scene-0374": {
        "start_frame": 1,
        "end_frame": 36
    },
    "scene-0375": {
        "start_frame": -1,
        "end_frame": -1
    },
    "scene-0376": {
        "start_frame": -1,
        "end_frame": -1
    },
    "scene-0377": {
        "start_frame": -1,
        "end_frame": -1
    },
    "scene-0378": {
        "start_frame": -1,
        "end_frame": -1
    },
    "scene-0379": {
        "start_frame": -1,
        "end_frame": -1
    },
    "scene-0380": {
        "start_frame": 7,
        "end_frame": 41
    },
    "scene-0381": {
        "start_frame": -1,
        "end_frame": -1
    },
    "scene-0382": {
        "start_frame": -1,
        "end_frame": -1
    },
    "scene-0383": {
        "start_frame": -1,
        "end_frame": -1
    },
    "scene-0384": {
        "start_frame": -1,
        "end_frame": -1
    },
    "scene-0385": {
        "start_frame": -1,
        "end_frame": -1
    },
    "scene-0386": {
        "start_frame": -1,
        "end_frame": -1
    },
    "scene-0388": {
        "start_frame": 18,
        "end_frame": 41
    },
    "scene-0389": {
        "start_frame": -1,
        "end_frame": -1
    },
    "scene-0390": {
        "start_frame": -1,
        "end_frame": -1
    },
    "scene-0391": {
        "start_frame": -1,
        "end_frame": -1
    },
    "scene-0392": {
        "start_frame": 35,
        "end_frame": 40
    },
    "scene-0393": {
        "start_frame": -1,
        "end_frame": -1
    },
    "scene-0394": {
        "start_frame": -1,
        "end_frame": -1
    },
    "scene-0395": {
        "start_frame": -1,
        "end_frame": -1
    },
    "scene-0396": {
        "start_frame": -1,
        "end_frame": -1
    },
    "scene-0397": {
        "start_frame": 1,
        "end_frame": 40
    },
    "scene-0398": {
        "start_frame": 1,
        "end_frame": 17
    },
    "scene-0399": {
        "start_frame": 11,
        "end_frame": 41
    },
    "scene-0400": {
        "start_frame": 1,
        "end_frame": 28
    },
    "scene-0401": {
        "start_frame": -1,
        "end_frame": -1
    },
    "scene-0402": {
        "start_frame": -1,
        "end_frame": -1
    },
    "scene-0403": {
        "start_frame": 2,
        "end_frame": 7
    },
    "scene-0405": {
        "start_frame": -1,
        "end_frame": -1
    },
    "scene-0406": {
        "start_frame": -1,
        "end_frame": -1
    },
    "scene-0407": {
        "start_frame": -1,
        "end_frame": -1
    },
    "scene-0408": {
        "start_frame": 8,
        "end_frame": 21
    },
    "scene-0410": {
        "start_frame": -1,
        "end_frame": -1
    },
    "scene-0411": {
        "start_frame": -1,
        "end_frame": -1
    },
    "scene-0412": {
        "start_frame": -1,
        "end_frame": -1
    },
    "scene-0413": {
        "start_frame": -1,
        "end_frame": -1
    },
    "scene-0414": {
        "start_frame": -1,
        "end_frame": -1
    },
    "scene-0415": {
        "start_frame": -1,
        "end_frame": -1
    },
    "scene-0416": {
        "start_frame": -1,
        "end_frame": -1
    },
    "scene-0417": {
        "start_frame": 7,
        "end_frame": 10
    },
    "scene-0418": {
        "start_frame": -1,
        "end_frame": -1
    },
    "scene-0419": {
        "start_frame": -1,
        "end_frame": -1
    },
    "scene-0420": {
        "start_frame": -1,
        "end_frame": -1
    },
    "scene-0421": {
        "start_frame": -1,
        "end_frame": -1
    },
    "scene-0422": {
        "start_frame": 20,
        "end_frame": 26
    },
    "scene-0423": {
        "start_frame": 7,
        "end_frame": 10
    },
    "scene-0424": {
        "start_frame": -1,
        "end_frame": -1
    },
    "scene-0425": {
        "start_frame": -1,
        "end_frame": -1
    },
    "scene-0426": {
        "start_frame": 10,
        "end_frame": 14
    },
    "scene-0427": {
        "start_frame": 24,
        "end_frame": 41
    },
    "scene-0428": {
        "start_frame": -1,
        "end_frame": -1
    },
    "scene-0429": {
        "start_frame": -1,
        "end_frame": -1
    },
    "scene-0430": {
        "start_frame": -1,
        "end_frame": -1
    },
    "scene-0431": {
        "start_frame": -1,
        "end_frame": -1
    },
    "scene-0432": {
        "start_frame": -1,
        "end_frame": -1
    },
    "scene-0433": {
        "start_frame": -1,
        "end_frame": -1
    },
    "scene-0434": {
        "start_frame": -1,
        "end_frame": -1
    },
    "scene-0435": {
        "start_frame": -1,
        "end_frame": -1
    },
    "scene-0436": {
        "start_frame": 17,
        "end_frame": 40
    },
    "scene-0437": {
        "start_frame": -1,
        "end_frame": -1
    },
    "scene-0438": {
        "start_frame": -1,
        "end_frame": -1
    },
    "scene-0439": {
        "start_frame": -1,
        "end_frame": -1
    },
    "scene-0440": {
        "start_frame": -1,
        "end_frame": -1
    },
    "scene-0441": {
        "start_frame": -1,
        "end_frame": -1
    },
    "scene-0442": {
        "start_frame": -1,
        "end_frame": -1
    },
    "scene-0443": {
        "start_frame": 1,
        "end_frame": 32
    },
    "scene-0444": {
        "start_frame": -1,
        "end_frame": -1
    },
    "scene-0445": {
        "start_frame": -1,
        "end_frame": -1
    },
    "scene-0446": {
        "start_frame": -1,
        "end_frame": -1
    },
    "scene-0447": {
        "start_frame": 15,
        "end_frame": 17
    },
    "scene-0448": {
        "start_frame": -1,
        "end_frame": -1
    },
    "scene-0449": {
        "start_frame": -1,
        "end_frame": -1
    },
    "scene-0450": {
        "start_frame": -1,
        "end_frame": -1
    },
    "scene-0451": {
        "start_frame": -1,
        "end_frame": -1
    },
    "scene-0452": {
        "start_frame": -1,
        "end_frame": -1
    },
    "scene-0453": {
        "start_frame": -1,
        "end_frame": -1
    },
    "scene-0454": {
        "start_frame": -1,
        "end_frame": -1
    },
    "scene-0455": {
        "start_frame": -1,
        "end_frame": -1
    },
    "scene-0456": {
        "start_frame": -1,
        "end_frame": -1
    },
    "scene-0457": {
        "start_frame": -1,
        "end_frame": -1
    },
    "scene-0458": {
        "start_frame": -1,
        "end_frame": -1
    },
    "scene-0459": {
        "start_frame": -1,
        "end_frame": -1
    },
    "scene-0461": {
        "start_frame": -1,
        "end_frame": -1
    },
    "scene-0462": {
        "start_frame": -1,
        "end_frame": -1
    },
    "scene-0463": {
        "start_frame": -1,
        "end_frame": -1
    },
    "scene-0464": {
        "start_frame": 25,
        "end_frame": 33
    },
    "scene-0465": {
        "start_frame": -1,
        "end_frame": -1
    },
    "scene-0467": {
        "start_frame": -1,
        "end_frame": -1
    },
    "scene-0468": {
        "start_frame": -1,
        "end_frame": -1
    },
    "scene-0469": {
        "start_frame": -1,
        "end_frame": -1
    },
    "scene-0471": {
        "start_frame": -1,
        "end_frame": -1
    },
    "scene-0472": {
        "start_frame": -1,
        "end_frame": -1
    },
    "scene-0474": {
        "start_frame": -1,
        "end_frame": -1
    },
    "scene-0475": {
        "start_frame": 33,
        "end_frame": 41
    },
    "scene-0476": {
        "start_frame": 1,
        "end_frame": 8
    },
    "scene-0477": {
        "start_frame": 23,
        "end_frame": 41
    },
    "scene-0478": {
        "start_frame": 1,
        "end_frame": 28
    },
    "scene-0479": {
        "start_frame": 33,
        "end_frame": 41
    },
    "scene-0480": {
        "start_frame": -1,
        "end_frame": -1
    },
    "scene-0499": {
        "start_frame": -1,
        "end_frame": -1
    },
    "scene-0500": {
        "start_frame": -1,
        "end_frame": -1
    },
    "scene-0501": {
        "start_frame": 37,
        "end_frame": 39
    },
    "scene-0502": {
        "start_frame": 33,
        "end_frame": 41
    },
    "scene-0504": {
        "start_frame": 31,
        "end_frame": 39
    },
    "scene-0505": {
        "start_frame": -1,
        "end_frame": -1
    },
    "scene-0506": {
        "start_frame": -1,
        "end_frame": -1
    },
    "scene-0507": {
        "start_frame": -1,
        "end_frame": -1
    },
    "scene-0508": {
        "start_frame": -1,
        "end_frame": -1
    },
    "scene-0509": {
        "start_frame": -1,
        "end_frame": -1
    },
    "scene-0510": {
        "start_frame": -1,
        "end_frame": -1
    },
    "scene-0511": {
        "start_frame": -1,
        "end_frame": -1
    },
    "scene-0512": {
        "start_frame": -1,
        "end_frame": -1
    },
    "scene-0513": {
        "start_frame": -1,
        "end_frame": -1
    },
    "scene-0514": {
        "start_frame": -1,
        "end_frame": -1
    },
    "scene-0515": {
        "start_frame": 33,
        "end_frame": 41
    },
    "scene-0517": {
        "start_frame": 1,
        "end_frame": 20
    },
    "scene-0518": {
        "start_frame": 32,
        "end_frame": 41
    },
    "scene-0519": {
        "start_frame": -1,
        "end_frame": -1
    },
    "scene-0520": {
        "start_frame": 8,
        "end_frame": 13
    },
    "scene-0521": {
        "start_frame": 25,
        "end_frame": 33
    },
    "scene-0522": {
        "start_frame": -1,
        "end_frame": -1
    },
    "scene-0523": {
        "start_frame": -1,
        "end_frame": -1
    },
    "scene-0524": {
        "start_frame": -1,
        "end_frame": -1
    },
    "scene-0525": {
        "start_frame": -1,
        "end_frame": -1
    },
    "scene-0526": {
        "start_frame": -1,
        "end_frame": -1
    },
    "scene-0527": {
        "start_frame": 35,
        "end_frame": 41
    },
    "scene-0528": {
        "start_frame": -1,
        "end_frame": -1
    },
    "scene-0529": {
        "start_frame": -1,
        "end_frame": -1
    },
    "scene-0530": {
        "start_frame": -1,
        "end_frame": -1
    },
    "scene-0531": {
        "start_frame": -1,
        "end_frame": -1
    },
    "scene-0532": {
        "start_frame": -1,
        "end_frame": -1
    },
    "scene-0533": {
        "start_frame": -1,
        "end_frame": -1
    },
    "scene-0534": {
        "start_frame": -1,
        "end_frame": -1
    },
    "scene-0535": {
        "start_frame": -1,
        "end_frame": -1
    },
    "scene-0536": {
        "start_frame": -1,
        "end_frame": -1
    },
    "scene-0537": {
        "start_frame": 24,
        "end_frame": 28
    },
    "scene-0538": {
        "start_frame": -1,
        "end_frame": -1
    },
    "scene-0539": {
        "start_frame": 1,
        "end_frame": 7
    },
    "scene-0541": {
        "start_frame": 27,
        "end_frame": 34
    },
    "scene-0542": {
        "start_frame": -1,
        "end_frame": -1
    },
    "scene-0543": {
        "start_frame": -1,
        "end_frame": -1
    },
    "scene-0544": {
        "start_frame": 32,
        "end_frame": 38
    },
    "scene-0545": {
        "start_frame": -1,
        "end_frame": -1
    },
    "scene-0546": {
        "start_frame": -1,
        "end_frame": -1
    },
    "scene-0552": {
        "start_frame": 2,
        "end_frame": 10
    },
    "scene-0553": {
        "start_frame": 19,
        "end_frame": 36
    },
    "scene-0554": {
        "start_frame": -1,
        "end_frame": -1
    },
    "scene-0555": {
        "start_frame": -1,
        "end_frame": -1
    },
    "scene-0556": {
        "start_frame": 25,
        "end_frame": 40
    },
    "scene-0557": {
        "start_frame": 38,
        "end_frame": 40
    },
    "scene-0558": {
        "start_frame": 25,
        "end_frame": 41
    },
    "scene-0559": {
        "start_frame": -1,
        "end_frame": -1
    },
    "scene-0560": {
        "start_frame": -1,
        "end_frame": -1
    },
    "scene-0561": {
        "start_frame": -1,
        "end_frame": -1
    },
    "scene-0562": {
        "start_frame": 34,
        "end_frame": 40
    },
    "scene-0563": {
        "start_frame": 10,
        "end_frame": 40
    },
    "scene-0564": {
        "start_frame": 1,
        "end_frame": 33
    },
    "scene-0565": {
        "start_frame": 32,
        "end_frame": 40
    },
    "scene-0566": {
        "start_frame": -1,
        "end_frame": -1
    },
    "scene-0568": {
        "start_frame": -1,
        "end_frame": -1
    },
    "scene-0570": {
        "start_frame": -1,
        "end_frame": -1
    },
    "scene-0571": {
        "start_frame": -1,
        "end_frame": -1
    },
    "scene-0572": {
        "start_frame": -1,
        "end_frame": -1
    },
    "scene-0573": {
        "start_frame": -1,
        "end_frame": -1
    },
    "scene-0574": {
        "start_frame": -1,
        "end_frame": -1
    },
    "scene-0575": {
        "start_frame": -1,
        "end_frame": -1
    },
    "scene-0576": {
        "start_frame": -1,
        "end_frame": -1
    },
    "scene-0577": {
        "start_frame": -1,
        "end_frame": -1
    },
    "scene-0578": {
        "start_frame": -1,
        "end_frame": -1
    },
    "scene-0580": {
        "start_frame": -1,
        "end_frame": -1
    },
    "scene-0582": {
        "start_frame": -1,
        "end_frame": -1
    },
    "scene-0583": {
        "start_frame": -1,
        "end_frame": -1
    },
    "scene-0584": {
        "start_frame": 24,
        "end_frame": 33
    },
    "scene-0585": {
        "start_frame": -1,
        "end_frame": -1
    },
    "scene-0586": {
        "start_frame": -1,
        "end_frame": -1
    },
    "scene-0587": {
        "start_frame": -1,
        "end_frame": -1
    },
    "scene-0588": {
        "start_frame": -1,
        "end_frame": -1
    },
    "scene-0589": {
        "start_frame": -1,
        "end_frame": -1
    },
    "scene-0590": {
        "start_frame": 30,
        "end_frame": 35
    },
    "scene-0591": {
        "start_frame": -1,
        "end_frame": -1
    },
    "scene-0592": {
        "start_frame": -1,
        "end_frame": -1
    },
    "scene-0593": {
        "start_frame": 21,
        "end_frame": 30
    },
    "scene-0594": {
        "start_frame": 30,
        "end_frame": 40
    },
    "scene-0595": {
        "start_frame": 1,
        "end_frame": 41
    },
    "scene-0596": {
        "start_frame": 1,
        "end_frame": 23
    },
    "scene-0597": {
        "start_frame": -1,
        "end_frame": -1
    },
    "scene-0598": {
        "start_frame": -1,
        "end_frame": -1
    },
    "scene-0599": {
        "start_frame": -1,
        "end_frame": -1
    },
    "scene-0600": {
        "start_frame": -1,
        "end_frame": -1
    },
    "scene-0625": {
        "start_frame": -1,
        "end_frame": -1
    },
    "scene-0626": {
        "start_frame": 23,
        "end_frame": 40
    },
    "scene-0627": {
        "start_frame": -1,
        "end_frame": -1
    },
    "scene-0629": {
        "start_frame": -1,
        "end_frame": -1
    },
    "scene-0630": {
        "start_frame": -1,
        "end_frame": -1
    },
    "scene-0632": {
        "start_frame": -1,
        "end_frame": -1
    },
    "scene-0633": {
        "start_frame": -1,
        "end_frame": -1
    },
    "scene-0634": {
        "start_frame": 37,
        "end_frame": 40
    },
    "scene-0635": {
        "start_frame": 1,
        "end_frame": 40
    },
    "scene-0636": {
        "start_frame": -1,
        "end_frame": -1
    },
    "scene-0637": {
        "start_frame": -1,
        "end_frame": -1
    },
    "scene-0638": {
        "start_frame": -1,
        "end_frame": -1
    },
    "scene-0639": {
        "start_frame": -1,
        "end_frame": -1
    },
    "scene-0640": {
        "start_frame": 21,
        "end_frame": 38
    },
    "scene-0641": {
        "start_frame": -1,
        "end_frame": -1
    },
    "scene-0642": {
        "start_frame": -1,
        "end_frame": -1
    },
    "scene-0643": {
        "start_frame": -1,
        "end_frame": -1
    },
    "scene-0644": {
        "start_frame": -1,
        "end_frame": -1
    },
    "scene-0645": {
        "start_frame": -1,
        "end_frame": -1
    },
    "scene-0646": {
        "start_frame": -1,
        "end_frame": -1
    },
    "scene-0647": {
        "start_frame": -1,
        "end_frame": -1
    },
    "scene-0648": {
        "start_frame": -1,
        "end_frame": -1
    },
    "scene-0649": {
        "start_frame": -1,
        "end_frame": -1
    },
    "scene-0650": {
        "start_frame": -1,
        "end_frame": -1
    },
    "scene-0651": {
        "start_frame": 12,
        "end_frame": 25
    },
    "scene-0652": {
        "start_frame": 1,
        "end_frame": 41
    },
    "scene-0653": {
        "start_frame": 16,
        "end_frame": 26
    },
    "scene-0654": {
        "start_frame": -1,
        "end_frame": -1
    },
    "scene-0655": {
        "start_frame": -1,
        "end_frame": -1
    },
    "scene-0656": {
        "start_frame": -1,
        "end_frame": -1
    },
    "scene-0657": {
        "start_frame": -1,
        "end_frame": -1
    },
    "scene-0658": {
        "start_frame": -1,
        "end_frame": -1
    },
    "scene-0659": {
        "start_frame": -1,
        "end_frame": -1
    },
    "scene-0660": {
        "start_frame": -1,
        "end_frame": -1
    },
    "scene-0661": {
        "start_frame": -1,
        "end_frame": -1
    },
    "scene-0662": {
        "start_frame": -1,
        "end_frame": -1
    },
    "scene-0663": {
        "start_frame": -1,
        "end_frame": -1
    },
    "scene-0664": {
        "start_frame": -1,
        "end_frame": -1
    },
    "scene-0665": {
        "start_frame": 30,
        "end_frame": 32
    },
    "scene-0666": {
        "start_frame": -1,
        "end_frame": -1
    },
    "scene-0667": {
        "start_frame": 14,
        "end_frame": 21
    },
    "scene-0668": {
        "start_frame": -1,
        "end_frame": -1
    },
    "scene-0669": {
        "start_frame": -1,
        "end_frame": -1
    },
    "scene-0670": {
        "start_frame": -1,
        "end_frame": -1
    },
    "scene-0671": {
        "start_frame": -1,
        "end_frame": -1
    },
    "scene-0672": {
        "start_frame": -1,
        "end_frame": -1
    },
    "scene-0673": {
        "start_frame": 31,
        "end_frame": 36
    },
    "scene-0674": {
        "start_frame": -1,
        "end_frame": -1
    },
    "scene-0675": {
        "start_frame": 17,
        "end_frame": 40
    },
    "scene-0676": {
        "start_frame": 1,
        "end_frame": 21
    },
    "scene-0677": {
        "start_frame": -1,
        "end_frame": -1
    },
    "scene-0678": {
        "start_frame": 13,
        "end_frame": 41
    },
    "scene-0679": {
        "start_frame": -1,
        "end_frame": -1
    },
    "scene-0681": {
        "start_frame": 1,
        "end_frame": 40
    },
    "scene-0683": {
        "start_frame": 1,
        "end_frame": 23
    },
    "scene-0684": {
        "start_frame": -1,
        "end_frame": -1
    },
    "scene-0685": {
        "start_frame": -1,
        "end_frame": -1
    },
    "scene-0686": {
        "start_frame": 40,
        "end_frame": 41
    },
    "scene-0687": {
        "start_frame": -1,
        "end_frame": -1
    },
    "scene-0688": {
        "start_frame": 11,
        "end_frame": 41
    },
    "scene-0689": {
        "start_frame": 1,
        "end_frame": 27
    },
    "scene-0695": {
        "start_frame": 23,
        "end_frame": 28
    },
    "scene-0696": {
        "start_frame": 37,
        "end_frame": 40
    },
    "scene-0697": {
        "start_frame": 1,
        "end_frame": 5
    },
    "scene-0698": {
        "start_frame": -1,
        "end_frame": -1
    },
    "scene-0700": {
        "start_frame": -1,
        "end_frame": -1
    },
    "scene-0701": {
        "start_frame": -1,
        "end_frame": -1
    },
    "scene-0703": {
        "start_frame": -1,
        "end_frame": -1
    },
    "scene-0704": {
        "start_frame": -1,
        "end_frame": -1
    },
    "scene-0705": {
        "start_frame": 1,
        "end_frame": 13
    },
    "scene-0706": {
        "start_frame": -1,
        "end_frame": -1
    },
    "scene-0707": {
        "start_frame": -1,
        "end_frame": -1
    },
    "scene-0708": {
        "start_frame": -1,
        "end_frame": -1
    },
    "scene-0709": {
        "start_frame": -1,
        "end_frame": -1
    },
    "scene-0710": {
        "start_frame": 37,
        "end_frame": 40
    },
    "scene-0711": {
        "start_frame": -1,
        "end_frame": -1
    },
    "scene-0712": {
        "start_frame": -1,
        "end_frame": -1
    },
    "scene-0713": {
        "start_frame": 39,
        "end_frame": 40
    },
    "scene-0714": {
        "start_frame": 1,
        "end_frame": 29
    },
    "scene-0715": {
        "start_frame": 38,
        "end_frame": 40
    },
    "scene-0716": {
        "start_frame": 1,
        "end_frame": 4
    },
    "scene-0717": {
        "start_frame": 28,
        "end_frame": 40
    },
    "scene-0718": {
        "start_frame": 1,
        "end_frame": 40
    },
    "scene-0719": {
        "start_frame": 1,
        "end_frame": 12
    },
    "scene-0726": {
        "start_frame": -1,
        "end_frame": -1
    },
    "scene-0727": {
        "start_frame": 27,
        "end_frame": 35
    },
    "scene-0728": {
        "start_frame": -1,
        "end_frame": -1
    },
    "scene-0730": {
        "start_frame": -1,
        "end_frame": -1
    },
    "scene-0731": {
        "start_frame": 14,
        "end_frame": 21
    },
    "scene-0733": {
        "start_frame": -1,
        "end_frame": -1
    },
    "scene-0734": {
        "start_frame": -1,
        "end_frame": -1
    },
    "scene-0735": {
        "start_frame": -1,
        "end_frame": -1
    },
    "scene-0736": {
        "start_frame": -1,
        "end_frame": -1
    },
    "scene-0737": {
        "start_frame": -1,
        "end_frame": -1
    },
    "scene-0738": {
        "start_frame": -1,
        "end_frame": -1
    },
    "scene-0739": {
        "start_frame": -1,
        "end_frame": -1
    },
    "scene-0740": {
        "start_frame": -1,
        "end_frame": -1
    },
    "scene-0741": {
        "start_frame": -1,
        "end_frame": -1
    },
    "scene-0744": {
        "start_frame": -1,
        "end_frame": -1
    },
    "scene-0746": {
        "start_frame": -1,
        "end_frame": -1
    },
    "scene-0747": {
        "start_frame": 4,
        "end_frame": 10
    },
    "scene-0749": {
        "start_frame": 4,
        "end_frame": 41
    },
    "scene-0750": {
        "start_frame": -1,
        "end_frame": -1
    },
    "scene-0751": {
        "start_frame": -1,
        "end_frame": -1
    },
    "scene-0752": {
        "start_frame": -1,
        "end_frame": -1
    },
    "scene-0757": {
        "start_frame": -1,
        "end_frame": -1
    },
    "scene-0758": {
        "start_frame": 10,
        "end_frame": 21
    },
    "scene-0759": {
        "start_frame": -1,
        "end_frame": -1
    },
    "scene-0760": {
        "start_frame": 8,
        "end_frame": 16
    },
    "scene-0761": {
        "start_frame": -1,
        "end_frame": -1
    },
    "scene-0762": {
        "start_frame": -1,
        "end_frame": -1
    },
    "scene-0763": {
        "start_frame": -1,
        "end_frame": -1
    },
    "scene-0764": {
        "start_frame": -1,
        "end_frame": -1
    },
    "scene-0765": {
        "start_frame": -1,
        "end_frame": -1
    },
    "scene-0767": {
        "start_frame": -1,
        "end_frame": -1
    },
    "scene-0768": {
        "start_frame": -1,
        "end_frame": -1
    },
    "scene-0769": {
        "start_frame": 27,
        "end_frame": 34
    },
    "scene-0770": {
        "start_frame": -1,
        "end_frame": -1
    },
    "scene-0771": {
        "start_frame": -1,
        "end_frame": -1
    },
    "scene-0775": {
        "start_frame": -1,
        "end_frame": -1
    },
    "scene-0777": {
        "start_frame": -1,
        "end_frame": -1
    },
    "scene-0778": {
        "start_frame": -1,
        "end_frame": -1
    },
    "scene-0780": {
        "start_frame": 1,
        "end_frame": 41
    },
    "scene-0781": {
        "start_frame": 1,
        "end_frame": 40
    },
    "scene-0782": {
        "start_frame": 1,
        "end_frame": 14
    },
    "scene-0783": {
        "start_frame": -1,
        "end_frame": -1
    },
    "scene-0784": {
        "start_frame": -1,
        "end_frame": -1
    },
    "scene-0786": {
        "start_frame": -1,
        "end_frame": -1
    },
    "scene-0787": {
        "start_frame": -1,
        "end_frame": -1
    },
    "scene-0789": {
        "start_frame": -1,
        "end_frame": -1
    },
    "scene-0790": {
        "start_frame": -1,
        "end_frame": -1
    },
    "scene-0791": {
        "start_frame": -1,
        "end_frame": -1
    },
    "scene-0792": {
        "start_frame": -1,
        "end_frame": -1
    },
    "scene-0794": {
        "start_frame": 1,
        "end_frame": 40
    },
    "scene-0795": {
        "start_frame": 1,
        "end_frame": 9
    },
    "scene-0796": {
        "start_frame": -1,
        "end_frame": -1
    },
    "scene-0797": {
        "start_frame": 18,
        "end_frame": 40
    },
    "scene-0798": {
        "start_frame": 1,
        "end_frame": 15
    },
    "scene-0799": {
        "start_frame": -1,
        "end_frame": -1
    },
    "scene-0800": {
        "start_frame": -1,
        "end_frame": -1
    },
    "scene-0802": {
        "start_frame": -1,
        "end_frame": -1
    },
    "scene-0803": {
        "start_frame": 1,
        "end_frame": 23
    },
    "scene-0804": {
        "start_frame": 19,
        "end_frame": 30
    },
    "scene-0805": {
        "start_frame": -1,
        "end_frame": -1
    },
    "scene-0806": {
        "start_frame": -1,
        "end_frame": -1
    },
    "scene-0808": {
        "start_frame": -1,
        "end_frame": -1
    },
    "scene-0809": {
        "start_frame": 36,
        "end_frame": 40
    },
    "scene-0810": {
        "start_frame": 1,
        "end_frame": 6
    },
    "scene-0811": {
        "start_frame": -1,
        "end_frame": -1
    },
    "scene-0812": {
        "start_frame": -1,
        "end_frame": -1
    },
    "scene-0813": {
        "start_frame": -1,
        "end_frame": -1
    },
    "scene-0815": {
        "start_frame": -1,
        "end_frame": -1
    },
    "scene-0816": {
        "start_frame": -1,
        "end_frame": -1
    },
    "scene-0817": {
        "start_frame": 34,
        "end_frame": 40
    },
    "scene-0819": {
        "start_frame": 25,
        "end_frame": 26
    },
    "scene-0820": {
        "start_frame": -1,
        "end_frame": -1
    },
    "scene-0821": {
        "start_frame": -1,
        "end_frame": -1
    },
    "scene-0822": {
        "start_frame": -1,
        "end_frame": -1
    },
    "scene-0847": {
        "start_frame": -1,
        "end_frame": -1
    },
    "scene-0848": {
        "start_frame": -1,
        "end_frame": -1
    },
    "scene-0849": {
        "start_frame": -1,
        "end_frame": -1
    },
    "scene-0850": {
        "start_frame": -1,
        "end_frame": -1
    },
    "scene-0851": {
        "start_frame": -1,
        "end_frame": -1
    },
    "scene-0852": {
        "start_frame": -1,
        "end_frame": -1
    },
    "scene-0853": {
        "start_frame": 35,
        "end_frame": 41
    },
    "scene-0854": {
        "start_frame": 1,
        "end_frame": 35
    },
    "scene-0855": {
        "start_frame": 28,
        "end_frame": 41
    },
    "scene-0856": {
        "start_frame": -1,
        "end_frame": -1
    },
    "scene-0858": {
        "start_frame": -1,
        "end_frame": -1
    },
    "scene-0860": {
        "start_frame": 37,
        "end_frame": 41
    },
    "scene-0861": {
        "start_frame": 1,
        "end_frame": 8
    },
    "scene-0862": {
        "start_frame": 4,
        "end_frame": 21
    },
    "scene-0863": {
        "start_frame": -1,
        "end_frame": -1
    },
    "scene-0864": {
        "start_frame": -1,
        "end_frame": -1
    },
    "scene-0865": {
        "start_frame": 28,
        "end_frame": 33
    },
    "scene-0866": {
        "start_frame": -1,
        "end_frame": -1
    },
    "scene-0868": {
        "start_frame": -1,
        "end_frame": -1
    },
    "scene-0869": {
        "start_frame": -1,
        "end_frame": -1
    },
    "scene-0870": {
        "start_frame": 15,
        "end_frame": 40
    },
    "scene-0871": {
        "start_frame": 1,
        "end_frame": 4
    },
    "scene-0872": {
        "start_frame": -1,
        "end_frame": -1
    },
    "scene-0873": {
        "start_frame": -1,
        "end_frame": -1
    },
    "scene-0875": {
        "start_frame": -1,
        "end_frame": -1
    },
    "scene-0876": {
        "start_frame": -1,
        "end_frame": -1
    },
    "scene-0877": {
        "start_frame": -1,
        "end_frame": -1
    },
    "scene-0878": {
        "start_frame": -1,
        "end_frame": -1
    },
    "scene-0880": {
        "start_frame": -1,
        "end_frame": -1
    },
    "scene-0882": {
        "start_frame": -1,
        "end_frame": -1
    },
    "scene-0883": {
        "start_frame": -1,
        "end_frame": -1
    },
    "scene-0884": {
        "start_frame": 1,
        "end_frame": 6
    },
    "scene-0885": {
        "start_frame": -1,
        "end_frame": -1
    },
    "scene-0886": {
        "start_frame": -1,
        "end_frame": -1
    },
    "scene-0887": {
        "start_frame": -1,
        "end_frame": -1
    },
    "scene-0888": {
        "start_frame": -1,
        "end_frame": -1
    },
    "scene-0889": {
        "start_frame": -1,
        "end_frame": -1
    },
    "scene-0890": {
        "start_frame": -1,
        "end_frame": -1
    },
    "scene-0891": {
        "start_frame": -1,
        "end_frame": -1
    },
    "scene-0892": {
        "start_frame": -1,
        "end_frame": -1
    },
    "scene-0893": {
        "start_frame": -1,
        "end_frame": -1
    },
    "scene-0894": {
        "start_frame": 28,
        "end_frame": 32
    },
    "scene-0895": {
        "start_frame": 17,
        "end_frame": 19
    },
    "scene-0896": {
        "start_frame": 12,
        "end_frame": 17
    },
    "scene-0897": {
        "start_frame": 17,
        "end_frame": 36
    },
    "scene-0898": {
        "start_frame": 21,
        "end_frame": 40
    },
    "scene-0899": {
        "start_frame": -1,
        "end_frame": -1
    },
    "scene-0900": {
        "start_frame": -1,
        "end_frame": -1
    },
    "scene-0901": {
        "start_frame": 38,
        "end_frame": 41
    },
    "scene-0902": {
        "start_frame": 25,
        "end_frame": 40
    },
    "scene-0903": {
        "start_frame": 1,
        "end_frame": 40
    },
    "scene-0904": {
        "start_frame": -1,
        "end_frame": -1
    },
    "scene-0905": {
        "start_frame": -1,
        "end_frame": -1
    },
    "scene-0906": {
        "start_frame": -1,
        "end_frame": -1
    },
    "scene-0907": {
        "start_frame": 19,
        "end_frame": 40
    },
    "scene-0908": {
        "start_frame": 1,
        "end_frame": 19
    },
    "scene-0909": {
        "start_frame": -1,
        "end_frame": -1
    },
    "scene-0910": {
        "start_frame": -1,
        "end_frame": -1
    },
    "scene-0911": {
        "start_frame": -1,
        "end_frame": -1
    },
    "scene-0912": {
        "start_frame": -1,
        "end_frame": -1
    },
    "scene-0913": {
        "start_frame": -1,
        "end_frame": -1
    },
    "scene-0914": {
        "start_frame": 27,
        "end_frame": 34
    },
    "scene-0915": {
        "start_frame": -1,
        "end_frame": -1
    },
    "scene-0916": {
        "start_frame": -1,
        "end_frame": -1
    },
    "scene-0917": {
        "start_frame": 8,
        "end_frame": 18
    },
    "scene-0919": {
        "start_frame": -1,
        "end_frame": -1
    },
    "scene-0920": {
        "start_frame": -1,
        "end_frame": -1
    },
    "scene-0921": {
        "start_frame": 27,
        "end_frame": 30
    },
    "scene-0922": {
        "start_frame": 15,
        "end_frame": 23
    },
    "scene-0923": {
        "start_frame": -1,
        "end_frame": -1
    },
    "scene-0924": {
        "start_frame": -1,
        "end_frame": -1
    },
    "scene-0925": {
        "start_frame": 17,
        "end_frame": 20
    },
    "scene-0926": {
        "start_frame": 24,
        "end_frame": 31
    },
    "scene-0927": {
        "start_frame": -1,
        "end_frame": -1
    },
    "scene-0928": {
        "start_frame": -1,
        "end_frame": -1
    },
    "scene-0929": {
        "start_frame": -1,
        "end_frame": -1
    },
    "scene-0930": {
        "start_frame": -1,
        "end_frame": -1
    },
    "scene-0931": {
        "start_frame": -1,
        "end_frame": -1
    },
    "scene-0945": {
        "start_frame": -1,
        "end_frame": -1
    },
    "scene-0947": {
        "start_frame": -1,
        "end_frame": -1
    },
    "scene-0949": {
        "start_frame": -1,
        "end_frame": -1
    },
    "scene-0952": {
        "start_frame": -1,
        "end_frame": -1
    },
    "scene-0953": {
        "start_frame": 11,
        "end_frame": 18
    },
    "scene-0955": {
        "start_frame": 26,
        "end_frame": 32
    },
    "scene-0956": {
        "start_frame": 1,
        "end_frame": 40
    },
    "scene-0957": {
        "start_frame": 1,
        "end_frame": 41
    },
    "scene-0958": {
        "start_frame": 1,
        "end_frame": 16
    },
    "scene-0959": {
        "start_frame": 1,
        "end_frame": 11
    },
    "scene-0960": {
        "start_frame": -1,
        "end_frame": -1
    },
    "scene-0961": {
        "start_frame": -1,
        "end_frame": -1
    },
    "scene-0962": {
        "start_frame": -1,
        "end_frame": -1
    },
    "scene-0963": {
        "start_frame": -1,
        "end_frame": -1
    },
    "scene-0966": {
        "start_frame": 1,
        "end_frame": 18
    },
    "scene-0967": {
        "start_frame": -1,
        "end_frame": -1
    },
    "scene-0968": {
        "start_frame": 2,
        "end_frame": 10
    },
    "scene-0969": {
        "start_frame": 11,
        "end_frame": 26
    },
    "scene-0971": {
        "start_frame": -1,
        "end_frame": -1
    },
    "scene-0972": {
        "start_frame": -1,
        "end_frame": -1
    },
    "scene-0975": {
        "start_frame": -1,
        "end_frame": -1
    },
    "scene-0976": {
        "start_frame": 19,
        "end_frame": 34
    },
    "scene-0977": {
        "start_frame": -1,
        "end_frame": -1
    },
    "scene-0978": {
        "start_frame": -1,
        "end_frame": -1
    },
    "scene-0979": {
        "start_frame": -1,
        "end_frame": -1
    },
    "scene-0980": {
        "start_frame": -1,
        "end_frame": -1
    },
    "scene-0981": {
        "start_frame": 4,
        "end_frame": 41
    },
    "scene-0982": {
        "start_frame": 1,
        "end_frame": 39
    },
    "scene-0983": {
        "start_frame": -1,
        "end_frame": -1
    },
    "scene-0984": {
        "start_frame": -1,
        "end_frame": -1
    },
    "scene-0988": {
        "start_frame": -1,
        "end_frame": -1
    },
    "scene-0989": {
        "start_frame": 28,
        "end_frame": 33
    },
    "scene-0990": {
        "start_frame": -1,
        "end_frame": -1
    },
    "scene-0991": {
        "start_frame": 27,
        "end_frame": 41
    },
    "scene-0992": {
        "start_frame": -1,
        "end_frame": -1
    },
    "scene-0994": {
        "start_frame": -1,
        "end_frame": -1
    },
    "scene-0995": {
        "start_frame": -1,
        "end_frame": -1
    },
    "scene-0996": {
        "start_frame": -1,
        "end_frame": -1
    },
    "scene-0997": {
        "start_frame": -1,
        "end_frame": -1
    },
    "scene-0998": {
        "start_frame": 22,
        "end_frame": 25
    },
    "scene-0999": {
        "start_frame": -1,
        "end_frame": -1
    },
    "scene-1000": {
        "start_frame": -1,
        "end_frame": -1
    },
    "scene-1001": {
        "start_frame": -1,
        "end_frame": -1
    },
    "scene-1002": {
        "start_frame": -1,
        "end_frame": -1
    },
    "scene-1003": {
        "start_frame": -1,
        "end_frame": -1
    },
    "scene-1004": {
        "start_frame": -1,
        "end_frame": -1
    },
    "scene-1005": {
        "start_frame": -1,
        "end_frame": -1
    },
    "scene-1006": {
        "start_frame": 20,
        "end_frame": 31
    },
    "scene-1007": {
        "start_frame": -1,
        "end_frame": -1
    },
    "scene-1008": {
        "start_frame": -1,
        "end_frame": -1
    },
    "scene-1009": {
        "start_frame": -1,
        "end_frame": -1
    },
    "scene-1010": {
        "start_frame": -1,
        "end_frame": -1
    },
    "scene-1011": {
        "start_frame": -1,
        "end_frame": -1
    },
    "scene-1012": {
        "start_frame": -1,
        "end_frame": -1
    },
    "scene-1013": {
        "start_frame": -1,
        "end_frame": -1
    },
    "scene-1014": {
        "start_frame": -1,
        "end_frame": -1
    },
    "scene-1015": {
        "start_frame": -1,
        "end_frame": -1
    },
    "scene-1016": {
        "start_frame": -1,
        "end_frame": -1
    },
    "scene-1017": {
        "start_frame": 21,
        "end_frame": 40
    },
    "scene-1018": {
        "start_frame": -1,
        "end_frame": -1
    },
    "scene-1019": {
        "start_frame": -1,
        "end_frame": -1
    },
    "scene-1020": {
        "start_frame": -1,
        "end_frame": -1
    },
    "scene-1021": {
        "start_frame": -1,
        "end_frame": -1
    },
    "scene-1022": {
        "start_frame": 31,
        "end_frame": 40
    },
    "scene-1023": {
        "start_frame": 1,
        "end_frame": 26
    },
    "scene-1024": {
        "start_frame": -1,
        "end_frame": -1
    },
    "scene-1025": {
        "start_frame": -1,
        "end_frame": -1
    },
    "scene-1044": {
        "start_frame": 5,
        "end_frame": 41
    },
    "scene-1045": {
        "start_frame": 1,
        "end_frame": 41
    },
    "scene-1046": {
        "start_frame": 1,
        "end_frame": 40
    },
    "scene-1047": {
        "start_frame": 1,
        "end_frame": 41
    },
    "scene-1048": {
        "start_frame": 1,
        "end_frame": 21
    },
    "scene-1049": {
        "start_frame": -1,
        "end_frame": -1
    },
    "scene-1050": {
        "start_frame": -1,
        "end_frame": -1
    },
    "scene-1051": {
        "start_frame": -1,
        "end_frame": -1
    },
    "scene-1052": {
        "start_frame": -1,
        "end_frame": -1
    },
    "scene-1053": {
        "start_frame": -1,
        "end_frame": -1
    },
    "scene-1054": {
        "start_frame": -1,
        "end_frame": -1
    },
    "scene-1055": {
        "start_frame": -1,
        "end_frame": -1
    },
    "scene-1056": {
        "start_frame": -1,
        "end_frame": -1
    },
    "scene-1057": {
        "start_frame": -1,
        "end_frame": -1
    },
    "scene-1058": {
        "start_frame": -1,
        "end_frame": -1
    },
    "scene-1059": {
        "start_frame": 25,
        "end_frame": 31
    },
    "scene-1060": {
        "start_frame": -1,
        "end_frame": -1
    },
    "scene-1061": {
        "start_frame": -1,
        "end_frame": -1
    },
    "scene-1062": {
        "start_frame": -1,
        "end_frame": -1
    },
    "scene-1063": {
        "start_frame": -1,
        "end_frame": -1
    },
    "scene-1064": {
        "start_frame": -1,
        "end_frame": -1
    },
    "scene-1065": {
        "start_frame": 27,
        "end_frame": 32
    },
    "scene-1066": {
        "start_frame": 10,
        "end_frame": 11
    },
    "scene-1067": {
        "start_frame": 16,
        "end_frame": 40
    },
    "scene-1068": {
        "start_frame": 1,
        "end_frame": 38
    },
    "scene-1069": {
        "start_frame": -1,
        "end_frame": -1
    },
    "scene-1070": {
        "start_frame": -1,
        "end_frame": -1
    },
    "scene-1071": {
        "start_frame": -1,
        "end_frame": -1
    },
    "scene-1072": {
        "start_frame": -1,
        "end_frame": -1
    },
    "scene-1073": {
        "start_frame": 1,
        "end_frame": 22
    },
    "scene-1074": {
        "start_frame": -1,
        "end_frame": -1
    },
    "scene-1075": {
        "start_frame": -1,
        "end_frame": -1
    },
    "scene-1076": {
        "start_frame": 28,
        "end_frame": 36
    },
    "scene-1077": {
        "start_frame": -1,
        "end_frame": -1
    },
    "scene-1078": {
        "start_frame": -1,
        "end_frame": -1
    },
    "scene-1079": {
        "start_frame": 25,
        "end_frame": 40
    },
    "scene-1080": {
        "start_frame": 1,
        "end_frame": 14
    },
    "scene-1081": {
        "start_frame": 17,
        "end_frame": 40
    },
    "scene-1082": {
        "start_frame": 1,
        "end_frame": 40
    },
    "scene-1083": {
        "start_frame": 1,
        "end_frame": 14
    },
    "scene-1084": {
        "start_frame": -1,
        "end_frame": -1
    },
    "scene-1085": {
        "start_frame": -1,
        "end_frame": -1
    },
    "scene-1086": {
        "start_frame": -1,
        "end_frame": -1
    },
    "scene-1087": {
        "start_frame": -1,
        "end_frame": -1
    },
    "scene-1088": {
        "start_frame": -1,
        "end_frame": -1
    },
    "scene-1089": {
        "start_frame": -1,
        "end_frame": -1
    },
    "scene-1090": {
        "start_frame": -1,
        "end_frame": -1
    },
    "scene-1091": {
        "start_frame": -1,
        "end_frame": -1
    },
    "scene-1092": {
        "start_frame": 27,
        "end_frame": 41
    },
    "scene-1093": {
        "start_frame": 1,
        "end_frame": 41
    },
    "scene-1094": {
        "start_frame": 1,
        "end_frame": 10
    },
    "scene-1095": {
        "start_frame": -1,
        "end_frame": -1
    },
    "scene-1096": {
        "start_frame": 9,
        "end_frame": 14
    },
    "scene-1097": {
        "start_frame": -1,
        "end_frame": -1
    },
    "scene-1098": {
        "start_frame": 2,
        "end_frame": 38
    },
    "scene-1099": {
        "start_frame": 3,
        "end_frame": 40
    },
    "scene-1100": {
        "start_frame": 1,
        "end_frame": 38
    },
    "scene-1101": {
        "start_frame": 1,
        "end_frame": 6
    },
    "scene-1102": {
        "start_frame": -1,
        "end_frame": -1
    },
    "scene-1104": {
        "start_frame": 1,
        "end_frame": 41
    },
    "scene-1105": {
        "start_frame": 20,
        "end_frame": 24
    },
    "scene-1106": {
        "start_frame": -1,
        "end_frame": -1
    },
    "scene-1107": {
        "start_frame": -1,
        "end_frame": -1
    },
    "scene-1108": {
        "start_frame": 1,
        "end_frame": 40
    },
    "scene-1109": {
        "start_frame": 1,
        "end_frame": 39
    },
    "scene-1110": {
        "start_frame": 1,
        "end_frame": 9
    }
}